{
      "startingState": "S3",
      "S3": {
            "isTerminatingState": false,
            "ε": [
                  "S1",
                  "S4"
            ]
      },
      "S4": {
            "isTerminatingState": false,
            "ε": "S7"
      },
      "S1": {
            "isTerminatingState": false,
            "a": "S2"
      },
      "S2": {
            "isTerminatingState": false,
            "ε": [
                  "S3",
                  "S4"
            ]
      },
      "S7": {
            "isTerminatingState": false,
            "ε": [
                  "S5",
                  "S8"
            ]
      },
      "S8": {
            "isTerminatingState": false,
            "ε": "S9"
      },
      "S5": {
            "isTerminatingState": false,
            "b": "S6"
      },
      "S6": {
            "isTerminatingState": false,
            "ε": [
                  "S7",
                  "S8"
            ]
      },
      "S9": {
            "isTerminatingState": false,
            "c": "S10"
      },
      "S10": {
            "isTerminatingState": false,
            "ε": "S11"
      },
      "S11": {
            "isTerminatingState": false,
            "a": "S12"
      },
      "S12": {
            "isTerminatingState": true
      }
}